
{
    "region" : "us-east-1",
    "configuration" : "Debug",
    "framework"     : "net6.0",
    "self-contained" : true,
    "application"    : "FileSystem",
    "environment"    : "FileSystem-prod",
    "app-path"       : "/",
    "iis-website"    : "Default Web Site",
    "enable-xray"    : false,
    "enhanced-health-type" : "basic",
    "additional-options"   : "\"aws:autoscaling:launchconfiguration,SecurityGroups\"=\"sg-054abd0e6fbba8935\";\"aws:ec2:vpc,Subnets\"=\"subnet-05df2fe3da8568626\"",
    "solution-stack"       : "64bit Windows Server Core 2019 v2.10.1 running IIS 10.0",
    "environment-type"     : "SingleInstance",
    "loadbalancer-type"    : "classic",
    "cname"                : "filesystem-prod",
    "instance-type"        : "t3a.medium",
    "key-pair"             : "",
    "health-check-url"     : "/",
    "instance-profile"     : "aws-elasticbeanstalk-ec2-role",
    "service-role"         : "aws-elasticbeanstalk-service-role"
}