﻿{
   "CodeGenerationMode": 2,
   "ContextClassName": "TutorMeContext",
   "ContextNamespace": "Data",
   "DefaultDacpacSchema": null,
   "FilterSchemas": false,
   "IncludeConnectionString": false,
   "ModelNamespace": "Models",
   "OutputContextPath": "Data",
   "OutputPath": "Models",
   "ProjectRootNamespace": "Api",
   "Schemas": null,
   "SelectedHandlebarsLanguage": 0,
   "SelectedToBeGenerated": 0,
   "Tables": [
      {
         "Name": "[dbo].[Modules]",
         "ObjectType": 0
      },
      {
         "Name": "[dbo].[Requests]",
         "ObjectType": 0
      },
      {
         "Name": "[dbo].[Tutee]",
         "ObjectType": 0
      },
      {
         "Name": "[dbo].[Tutor]",
         "ObjectType": 0
      }
   ],
   "UiHint": "tutor-me.TutorMe",
   "UseBoolPropertiesWithoutDefaultSql": false,
   "UseDatabaseNames": false,
   "UseDbContextSplitting": false,
   "UseFluentApiOnly": true,
   "UseHandleBars": false,
   "UseHierarchyId": false,
   "UseInflector": true,
   "UseLegacyPluralizer": false,
   "UseManyToManyEntity": false,
   "UseNoConstructor": false,
   "UseNoDefaultConstructor": false,
   "UseNoNavigations": false,
   "UseNoObjectFilter": false,
   "UseNodaTime": false,
   "UseNullableReferences": false,
   "UseSchemaFolders": false,
   "UseSpatial": false
}